sep=,
Group ID,Group Name,Group Size,Group Description,Assigned teacher Username,Assigned teacher Firstname,Assigned teacher Lastname,Assigned teacher Email,Member 1 Username,Member 1 ID Number,Member 1 Firstname,Member 1 Lastname,Member 1 Email,Member 2 Username,Member 2 ID Number,Member 2 Firstname,Member 2 Lastname,Member 2 Email,Member 3 Username,Member 3 ID Number,Member 3 Firstname,Member 3 Lastname,Member 3 Email
"109","Team 1","2","","","","","","raphael.boekhoff","","Raphael","Boeckhoff","S-5@landesschule-pforta.de","valentin.schoppe","","Valentin","Schoppe","valentin.schoppe04@gmail.com"
"110","Team 2","1","","","","","","maria.pabst","","Maria Theresia","Pabst","S-17@landesschule-pforta.de"
"112","Team 4","2","","","","","","sophia.wersebe","","Sophia","Wersebe von","wersebesophia@gmail.com","louisa.eschweiler","","Louisa","Eschweiler","louisa.eschweiler@gmx.de"
"117","Team 9","1","","","","","","josephine.foerster","","Josephine","Förster","josy200593@gmail.com"
"118","Team 10","1","","","","","","christine.roeders","","Christine","Röders","christine.roeders@icloud.com"
"120","Team 12","2","","","","","","lena.winter","","Lena","Winter","winterslena@web.de","maya.waterstradt","","Maya","Waterstradt","maya.waterstradt@gmail.com"
"121","Team 13","2","","","","","","clemens.geisler","","Clemens Erich Knut","Geisler","clegei02@gmx.de","bennet.mohrs","","Bennet","Mohrs","S-15@landesschule-pforta.de"
"122","Team 14","2","","","","","","annika.kreibe","","Annika","Kreibe","annika.kreibe@gmail.com","anna.tautorus","","Anna","Tautorus","anna@tautorus.com"
"125","Team 17","2","","","","","","lorenz.thieroff","","Lorenz","Thieroff","lorenz.thieroff@landesschule-pforta.de","josephine.spengler","","Josephine","Spengler","josephine.spengler@spengler-web.de"
"126","Team 18","2","","","","","","lotta-maris.schueler","","Lotta-Maris","Schueler","lotta-maris.schueler@outlook.de","marlene.gummersbach","","Marlene","Gummersbach","marlene.gummersbach@gmail.com"
"127","Team 19","1","","","","","","isabel.eisenschmidt","","Isabel","Eisenschmidt","eisenschmidtisabel@gmail.com"
"128","Team 20","1","","","","","","felix.schulze","","Felix","Schulze","schulze-machern@gmx.de"
"129","Team 21","2","","","","","","jette.goerz","","Jette Aurélie","Görz","jette.goerz@gmail.com","franka.bauer","","Franka","Bauer","franka.bauer@outlook.de"
"130","Team 22","1","","","","","","hannes.neumann","","Hannes","Neumann","hannes-neumann@outlook.de"
"131","Team 23","0","","","","",""
"150","Team 42","3","","","","","","lena.ahlers","","Lena","Ahlers","S-1@landesschule-pforta.de","hanna.herda","","Hanna","Herda","hanna.herda.HH@gmail.com","hannah.mueller","","Hannah","Müller","hannahoskar@web.de"
"212","johanna.bulst","1","","","","","","johanna.bulst","","Johanna","Bulst","bulst.johanna@gmail.com"
"213","Test","1","Gruppe ","","","","","christian.martin.theilemann","","Christian Martin","Theilemann","theilemann.christian@gmail.com"
"214","Team 69","1","","","","","","johannes.reissmann","","Johannes Georg","Reißmann","S-18@landesschule-pforta.de"
"215","ulrich.ixmeier","1","","","","","","ulrich.ixmeier","","Ulrich","Ixmeier","ulrich.ixmeier@landesschule-pforta.de"
"216","Team 8","2","","","","","","alexa.sparenberg","","Alexa","Sparenberg","alexa.sparenberg@gmail.com","hannah.iris.haspel","","Hannah Iris","Haspel","Haspel.hannah@gmail.com"
"217","Arthur Müller","1","Einzelzimmer","","","","","arthur.mueller","","Arthur","Müller","S-16@landesschule-pforta.de"
"218","team","1","","","","","","linda.koenig","","Linda","König","koeniglinda2303@gmail.com"
"219","Gruppe","1","","","","","","alina.denzel","","Alina","Denzel","adenzel08@gmail.com"
"220","Adrian Kampf","1","","","","","","adrian.kampf","","Adrian","Kampf","adrian-kampf@t-online.de"
"221","Clash Zimmer","2","Ab Rth 12 ","","","","","karl.richard.schlindwein","","Karl Richard","Schlindwein","Schlindweinkarl12@gmail.com","wieland.kubitschek","","Wieland","Kubitschek","wieland.kubitschek@web.de"
